method,Accuracy,F1 Score,Precision,Recall,average_abs_odds_difference_race,balanced_acc,between_all_groups_theil_index,between_group_coefficient_of_variation,between_group_generalized_entropy_index,coefficient_of_variation,equal_opportunity_difference_race,generalized_entropy_index_race,generalized_true_positive_rate,theil_index,true_positive_rate_difference_race
full,0.7186417186417187,0.7138852715423796,0.7224581109827011,0.7186417186417187,0.1418205279216037,0.7092841842337256,0.0006359759669901201,0.050217318051395884,0.0006304447580687627,0.8150223768471533,0.1910398916661964,0.1660653686903958,1.0,0.2421801578896529,0.1910398916661964
unaware,0.7151767151767152,0.7119417562985398,0.7164975586000525,0.7151767151767152,0.09176106028762984,0.7075200674327606,4.767751865011698e-05,0.013793621198383049,4.756599644112055e-05,0.8063772840534175,0.1357557975512047,0.1625610810593415,1.0,0.2340707674514244,0.1357557975512047
cf1,0.5918225918225918,0.5825974177800768,0.5888857726456415,0.5918225918225918,0.053786979157089326,0.5801537343211098,0.00023523546088170162,0.030752621231281318,0.0002364309281486636,1.0025346296232116,0.06175026801331601,0.25126892089843755,1.0,0.35055224789031486,0.06175026801331601
cf2,0.5765765765765766,0.5664233483075776,0.5724690167728143,0.5765765765765766,0.05421197496566221,0.5644767774564239,0.00027463676960146093,0.033235100039550595,0.00027614296865973397,1.0252944234351404,0.06249506291259943,0.26280716368179924,1.0,0.36504235671358,0.06249506291259943
AL_prediction,0.6832986832986833,0.6821258438234077,0.6824137905367474,0.6832986832986833,0.15842370756080892,0.6786620164870006,0.0008143030087929548,0.056789557223752715,0.000806263452417471,0.8212818662973356,0.17825424589516442,0.16862597597720863,1.0,0.23668802045841367,0.17825424589516442
GL_prediction,0.5793485793485793,0.48897607995938236,0.6417925771584307,0.5793485793485793,0.06388655359126487,0.5465900830536523,0.0005075678627157367,0.04522519158402543,0.0005113294884529512,1.1973597764520565,0.09797438356937313,0.35841760856632965,1.0,0.5205831250936824,0.09797438356937313
GD_prediction,0.5412335412335413,0.38285392288297215,0.6369846620020352,0.5412335412335413,0.004162451843402277,0.50161718762083,0.004187335640563151,0.13073131745568722,0.004272669340924917,1.3020132007213256,0.006263048016701462,0.42380959371314775,1.0,0.6131173536657241,0.006263048016701462
