method,Accuracy,F1 Score,Precision,Recall,average_abs_odds_difference_race,balanced_acc,between_all_groups_theil_index,coefficient_of_variation,consistency,equal_opportunity_difference_race,generalized_entropy_index_race,smoothed_empirical_differential_fairness,theil_index,true_positive_rate_difference_race
full,0.668052668052668,0.6641740587686534,0.6678130115502203,0.668052668052668,0.11781611190311196,0.6599836444623165,0.00016726418815899346,0.8727352325809375,[0.66098406],0.1526039609546916,0.1904166965470258,0.2513470148389537,0.27004626393498926,0.1526039609546916
unaware,0.6694386694386695,0.6654668704693483,0.6693195794547145,0.6694386694386695,0.12496401648614926,0.6612673415098134,0.00024320512943083736,0.8719078716283956,[0.66098406],0.1600970490323308,0.19005583415188967,0.2513470148389537,0.2697553476251835,0.1600970490323308
cf1,0.6216216216216216,0.5993255976407722,0.6306095767500928,0.6216216216216216,0.08580874512153164,0.6034178433889602,2.7187446773194556e-06,1.0261466765689833,[0.66098406],0.09272696496078542,0.26324425045839245,0.2513470148389537,0.37585744995241566,0.09272696496078542
cf2,0.6181566181566182,0.6067354300172803,0.6185142080400396,0.6181566181566182,0.09424580858379179,0.6049886323213264,5.402535814328361e-06,0.9849062493455913,[0.66098406],0.09258026293516897,0.24251008000000004,0.2513470148389537,0.3420980809898925,0.09258026293516897
AL_prediction,0.6832986832986833,0.6821258438234077,0.6824137905367474,0.6832986832986833,0.15842370756080892,0.6786620164870006,0.0008143030087929548,0.8212818662973356,[0.66098406],0.17825424589516442,0.16862597597720863,0.2513470148389537,0.23668802045841367,0.17825424589516442
GL_prediction,0.6846846846846847,0.6828849476361561,0.6838970405894742,0.6846846846846847,0.11283615400577894,0.6790564053389424,0.0001841146277363109,0.8289012315656146,[0.66098406],0.12408734412909772,0.17176931292274814,0.2513470148389537,0.24226483754742115,0.12408734412909772
GD_prediction,0.6770616770616771,0.6762092677153413,0.6762039333333929,0.6770616770616771,0.11178665762143859,0.6729965432977094,0.0001396267662480325,0.8234326993575324,[0.66098406],0.1353834001015629,0.16951035259280806,0.2513470148389537,0.23710052699052409,0.1353834001015629
