method,Accuracy,F1 Score,Precision,Recall,average_abs_odds_difference_race,balanced_acc,energy,equal_opportunity_difference_race,gaussian,generalized_entropy_index_race,laplacian,sinkhorn,smoothed_empirical_differential_fairness,true_positive_rate_difference_race
full,0.668052668052668,0.6641740587686534,0.6678130115502203,0.668052668052668,0.11781611190311196,0.6599836444623165,0.011157393,0.1526039609546916,0.009892225,0.1904166965470258,0.012522817,0.0037535822,0.2513470148389537,0.1526039609546916
unaware,0.6694386694386695,0.6654668704693483,0.6693195794547145,0.6694386694386695,0.12496401648614926,0.6612673415098134,0.012547463,0.1600970490323308,0.011125803,0.19005583415188967,0.014107525,0.0041817552,0.2513470148389537,0.1600970490323308
cf1,0.6216216216216216,0.5993255976407722,0.6306095767500928,0.6216216216216216,0.08580874512153164,0.6034178433889602,0.0027548224,0.09272696496078542,0.0017609596,0.26324425045839245,0.003918171,0.00071800844,0.2513470148389537,0.09272696496078542
cf2,0.6181566181566182,0.6067354300172803,0.6185142080400396,0.6181566181566182,0.09424580858379179,0.6049886323213264,0.0022001415,0.09258026293516897,0.0016074777,0.24251008000000004,0.0029203892,0.0005769875,0.2513470148389537,0.09258026293516897
AL_prediction,0.6832986832986833,0.6821258438234077,0.6824137905367474,0.6832986832986833,0.15842370756080892,0.6786620164870006,0.018300787,0.17825424589516442,0.01705259,0.16862597597720863,0.019747138,0.006174151,0.2513470148389537,0.17825424589516442
GL_prediction,0.681912681912682,0.6789894409759564,0.6815957916337045,0.681912681912682,0.10355611204089717,0.6748215583772832,0.011757076,0.12274445635614739,0.010873079,0.17890873918980424,0.01268661,0.004189399,0.2513470148389537,0.12274445635614739
GD_prediction,0.6715176715176715,0.6706506285344886,0.6706234674661076,0.6715176715176715,0.13593094002559603,0.6674171010099448,0.024331748,0.1644981098008238,0.022195518,0.1724260209764458,0.021366239,0.014296742,0.2513470148389537,0.1644981098008238
