method,Accuracy,F1 Score,Precision,Recall,average_abs_odds_difference_race,balanced_acc,coefficient_of_variation,energy,equal_opportunity_difference_race,gaussian,generalized_entropy_index_race,laplacian,sinkhorn,smoothed_empirical_differential_fairness,theil_index,true_positive_rate_difference_race
full,0.668052668052668,0.6641740587686534,0.6678130115502203,0.668052668052668,0.11781611190311196,0.6599836444623165,0.8727352325809375,0.011157393,0.1526039609546916,0.009892225,0.1904166965470258,0.012522817,0.0037535822,0.2513470148389537,0.27004626393498926,0.1526039609546916
unaware,0.6694386694386695,0.6654668704693483,0.6693195794547145,0.6694386694386695,0.12496401648614926,0.6612673415098134,0.8719078716283956,0.012547463,0.1600970490323308,0.011125803,0.19005583415188967,0.014107525,0.0041817552,0.2513470148389537,0.2697553476251835,0.1600970490323308
cf1,0.6216216216216216,0.5993255976407722,0.6306095767500928,0.6216216216216216,0.08580874512153164,0.6034178433889602,1.0261466765689833,0.0027548224,0.09272696496078542,0.0017609596,0.26324425045839245,0.003918171,0.00071800844,0.2513470148389537,0.37585744995241566,0.09272696496078542
cf2,0.6181566181566182,0.6067354300172803,0.6185142080400396,0.6181566181566182,0.09424580858379179,0.6049886323213264,0.9849062493455913,0.0022001415,0.09258026293516897,0.0016074777,0.24251008000000004,0.0029203892,0.0005769875,0.2513470148389537,0.3420980809898925,0.09258026293516897
AL_prediction,0.6832986832986833,0.6821258438234077,0.6824137905367474,0.6832986832986833,0.15842370756080892,0.6786620164870006,0.8212818662973356,0.01830092,0.17825424589516442,0.01705283,0.16862597597720863,0.019747138,0.006174254,0.2513470148389537,0.23668802045841367,0.17825424589516442
GL_prediction,0.6902286902286903,0.6880713492118623,0.6897001629529671,0.6902286902286903,0.11648520237781741,0.6840800300044851,0.8266351303072282,0.011827067,0.1444789256897817,0.010847509,0.17083140966451207,0.012895465,0.004144612,0.2513470148389537,0.24186185179627245,0.1444789256897817
GD_prediction,0.6742896742896742,0.6747486731015281,0.6761416248595735,0.6742896742896742,0.1247607044243999,0.674319872558269,0.7855597176305942,0.024941713,0.14101450093099355,0.022068918,0.1542760174909647,0.021591097,0.015756432,0.2513470148389537,0.21176418388787632,0.14101450093099355
