method,Accuracy,F1 Score,Precision,Recall,average_abs_odds_difference_race,balanced_acc,between_all_groups_theil_index,coefficient_of_variation,consistency,equal_opportunity_difference_race,generalized_entropy_index_race,smoothed_empirical_differential_fairness,theil_index,true_positive_rate_difference_race
full,0.668052668052668,0.6641740587686534,0.6678130115502203,0.668052668052668,0.11781611190311196,0.6599836444623165,0.00016726418815899346,0.8727352325809375,[0.65945946],0.1526039609546916,0.1904166965470258,0.2513470148389537,0.27004626393498926,0.1526039609546916
unaware,0.6694386694386695,0.6654668704693483,0.6693195794547145,0.6694386694386695,0.12496401648614926,0.6612673415098134,0.00024320512943083736,0.8719078716283956,[0.65945946],0.1600970490323308,0.19005583415188967,0.2513470148389537,0.2697553476251835,0.1600970490323308
cf1,0.6216216216216216,0.5993255976407722,0.6306095767500928,0.6216216216216216,0.08580874512153164,0.6034178433889602,2.7187446773194556e-06,1.0261466765689833,[0.65945946],0.09272696496078542,0.26324425045839245,0.2513470148389537,0.37585744995241566,0.09272696496078542
cf2,0.6181566181566182,0.6067354300172803,0.6185142080400396,0.6181566181566182,0.09424580858379179,0.6049886323213264,5.402535814328361e-06,0.9849062493455913,[0.65945946],0.09258026293516897,0.24251008000000004,0.2513470148389537,0.3420980809898925,0.09258026293516897
AL_prediction,0.6832986832986833,0.6821258438234077,0.6824137905367474,0.6832986832986833,0.15842370756080892,0.6786620164870006,0.0008143030087929548,0.8212818662973356,[0.65945946],0.17825424589516442,0.16862597597720863,0.2513470148389537,0.23668802045841367,0.17825424589516442
GL_prediction,0.6770616770616771,0.67525718628436,0.6761459625516565,0.6770616770616771,0.12504214645196254,0.6714402539554882,0.00029606258320754805,0.8383977586897162,[0.65945946],0.13612819500084639,0.1757277004439849,0.2513470148389537,0.2474288909770143,0.13612819500084639
GD_prediction,0.665973665973666,0.6660453146939633,0.6661271943404452,0.665973665973666,0.10439832366342247,0.6640609292110676,7.490138637441904e-05,0.8150760948727485,[0.65945946],0.12297015178017268,0.1660872601082524,0.2513470148389537,0.23003731227516747,0.12297015178017268
