method,Accuracy,F1 Score,Precision,Recall,average_abs_odds_difference_race,balanced_acc,energy,equal_opportunity_difference_race,gaussian,generalized_entropy_index_race,laplacian,sinkhorn,smoothed_empirical_differential_fairness,true_positive_rate_difference_race
full,0.668052668052668,0.6641740587686534,0.6678130115502203,0.668052668052668,0.11781611190311196,0.6599836444623165,0.011157393,0.1526039609546916,0.009892225,0.1904166965470258,0.012522817,0.0037535822,0.2513470148389537,0.1526039609546916
unaware,0.6694386694386695,0.6654668704693483,0.6693195794547145,0.6694386694386695,0.12496401648614926,0.6612673415098134,0.012547463,0.1600970490323308,0.011125803,0.19005583415188967,0.014107525,0.0041817552,0.2513470148389537,0.1600970490323308
cf1,0.6216216216216216,0.5993255976407722,0.6306095767500928,0.6216216216216216,0.08580874512153164,0.6034178433889602,0.0027548224,0.09272696496078542,0.0017609596,0.26324425045839245,0.003918171,0.00071800844,0.2513470148389537,0.09272696496078542
cf2,0.6181566181566182,0.6067354300172803,0.6185142080400396,0.6181566181566182,0.09424580858379179,0.6049886323213264,0.0022001415,0.09258026293516897,0.0016074777,0.24251008000000004,0.0029203892,0.0005769875,0.2513470148389537,0.09258026293516897
AL_prediction,0.6832986832986833,0.6821258438234077,0.6824137905367474,0.6832986832986833,0.15842370756080892,0.6786620164870006,0.01829946,0.17825424589516442,0.017051458,0.16862597597720863,0.019745529,0.0061737895,0.2513470148389537,0.17825424589516442
GL_prediction,0.6923076923076923,0.6902841443656574,0.6917580149072511,0.6923076923076923,0.1186017904545089,0.6863390661490636,0.012682542,0.14324888562884386,0.011565268,0.1690503665327582,0.013967276,0.004449756,0.2513470148389537,0.14324888562884386
GD_prediction,0.6576576576576577,0.6574741690755385,0.6670834821336623,0.6576576576576577,0.14560595096105686,0.6623615772460831,0.026354551,0.14578795914912823,0.024047375,0.14202181317041118,0.023179054,0.016073389,0.2513470148389537,0.14578795914912823
