method,Accuracy,F1 Score,Precision,Recall,average_abs_odds_difference_race,balanced_acc,energy,equal_opportunity_difference_race,gaussian,generalized_entropy_index_race,laplacian,sinkhorn,smoothed_empirical_differential_fairness,true_positive_rate_difference_race
full,0.668052668052668,0.6641740587686534,0.6678130115502203,0.668052668052668,0.11781611190311196,0.6599836444623165,0.011157393,0.1526039609546916,0.009892225,0.1904166965470258,0.012522817,0.0037535822,0.2513470148389537,0.1526039609546916
unaware,0.6694386694386695,0.6654668704693483,0.6693195794547145,0.6694386694386695,0.12496401648614926,0.6612673415098134,0.012547463,0.1600970490323308,0.011125803,0.19005583415188967,0.014107525,0.0041817552,0.2513470148389537,0.1600970490323308
cf1,0.6216216216216216,0.5993255976407722,0.6306095767500928,0.6216216216216216,0.08580874512153164,0.6034178433889602,0.0027548224,0.09272696496078542,0.0017609596,0.26324425045839245,0.003918171,0.00071800844,0.2513470148389537,0.09272696496078542
cf2,0.6181566181566182,0.6067354300172803,0.6185142080400396,0.6181566181566182,0.09424580858379179,0.6049886323213264,0.0022001415,0.09258026293516897,0.0016074777,0.24251008000000004,0.0029203892,0.0005769875,0.2513470148389537,0.09258026293516897
AL_prediction,0.6832986832986833,0.6821258438234077,0.6824137905367474,0.6832986832986833,0.15842370756080892,0.6786620164870006,0.018300653,0.17825424589516442,0.01705265,0.16862597597720863,0.01974678,0.006174245,0.2513470148389537,0.17825424589516442
GL_prediction,0.6902286902286903,0.6876501054106233,0.6899496231318338,0.6902286902286903,0.1125895086679551,0.6835242123822634,0.012382999,0.14153360040625174,0.011407375,0.17292279862311596,0.013378143,0.0044232113,0.2513470148389537,0.14153360040625174
GD_prediction,0.6784476784476784,0.6787649508482841,0.6793972845788552,0.6784476784476784,0.13208402827884996,0.6776151460785376,0.024664462,0.14556226372510295,0.022278786,0.15587088958520207,0.021952212,0.014175044,0.2513470148389537,0.14556226372510295
