method,Accuracy,F1 Score,Precision,Recall,average_abs_odds_difference_race,balanced_acc,between_all_groups_theil_index,between_group_coefficient_of_variation,between_group_generalized_entropy_index,coefficient_of_variation,equal_opportunity_difference_race,generalized_entropy_index_race,generalized_true_positive_rate,theil_index,true_positive_rate_difference_race
full,0.771380316290496,0.7414453783589112,0.7426445438809336,0.771380316290496,0.12293078504344418,0.6056686396718088,1.4596806754852688e-05,0.007655397508312656,1.4651277752569907e-05,0.7453346160847428,-0.19547825738688135,0.13888092248354775,1.0,0.21499256465587682,-0.19547825738688135
unaware,0.769998464609243,0.739609371452635,0.7405546499538265,0.769998464609243,0.05125371396348094,0.6032709476161398,0.0002824822126064622,0.033887997008585385,0.000287099085313473,0.7480682917046743,-0.08687032531314767,0.1399015422634874,1.0,0.21642789756788167,-0.08687032531314767
cf1,0.7481959158605865,0.6688157713634869,0.6723326199431241,0.7481959158605865,0.010784430591851302,0.5144880746435906,0.0008104749675954621,0.05771737088592594,0.0008328237254958829,0.8159223870463338,-0.005832407157089506,0.16643233542084684,1.0,0.27255282893932237,-0.005832407157089506
AL_prediction,0.8278826961461692,0.8222960511363657,0.8201884183306558,0.8278826961461692,0.12396510610123034,0.7390331849861236,3.3587588377817047e-06,0.0036620949524120167,3.3527348601203925e-06,0.6088014513545116,-0.21072762408258494,0.09265980179283993,1.0,0.13663120571749754,-0.21072762408258494
GL_prediction,0.8311070167357593,0.8262482226269551,0.824199679465461,0.8311070167357593,0.027545760299013934,0.7462516939245635,7.407493397715341e-05,0.017285442442819408,7.469663011100564e-05,0.6009989339094758,-0.035545142330760116,0.09029992964008161,1.0,0.13257282184158428,-0.035545142330760116
GD_prediction,0.7950253339474896,0.8051724115374354,0.8314778672083767,0.7950253339474896,0.06729262452352348,0.7922579201729684,9.311312984078366e-06,0.006093765953166678,9.283495872993348e-06,0.5672313631833017,-0.07822434491804586,0.08043785484469669,1.0,0.09660694269106194,-0.07822434491804586
