method,Accuracy,F1 Score,Precision,Recall,average_abs_odds_difference_race,energy,equal_opportunity_difference_race,gaussian,generalized_entropy_index_race,laplacian,sinkhorn,true_positive_rate_difference_race
full_prediction,0.7782316267927889,0.7486178897503355,0.7507363989104286,0.7782316267927889,0.11991833003480314,0.019427821040153503,-0.1874526947771929,0.015861034393310547,0.1342883352695935,0.023654818534851074,0.006928291171789169,-0.1874526947771929
unaware_prediction,0.7511440066337028,0.6982609619852238,0.6966555868846309,0.7511440066337028,0.025321321616467225,0.0024183541536331177,-0.032259541972881056,0.0015695691108703613,0.15900166450739914,0.003389418125152588,0.0006717828800901771,-0.032259541972881056
AL_prediction,0.83160836583643,0.8240616364986214,0.8225636092323227,0.83160836583643,0.09070533462637569,0.014621049165725708,-0.14518579356718836,0.013026118278503418,0.09229791202995766,0.015659570693969727,0.008496006950736046,-0.14518579356718836
GL_prediction,0.8176653051196217,0.8000682045468775,0.8047231652714575,0.8176653051196217,0.014337501294882742,0.008014187216758728,-0.017648972152118803,0.006663262844085693,0.10607378675617533,0.00950324535369873,0.005042682867497206,-0.017648972152118803
GD_prediction,0.8176038819446577,0.7985314310098772,0.804997337646724,0.8176038819446577,0.012187602000768887,0.009701251983642578,-0.014671702724082136,0.00754314661026001,0.10677628190091949,0.01016908884048462,0.01152365654706955,-0.014671702724082136
