method,F1 Score,Precision,Recall,Accuracy,dpr_race,eod_race,dpr_gender,eod_gender
full_prediction,0.7486178897503355,0.7507363989104286,0.7782316267927889,0.7782316267927889,0.26943346459479695,0.1874526947771929,0.028267944583598496,0.32420353280375147
unaware_prediction,0.6982609619852238,0.6966555868846309,0.7511440066337028,0.7511440066337028,0.6325321890453774,0.032259541972881056,0.7457999918497972,0.07067670015321158
AL_prediction,0.8240616364986214,0.8225636092323227,0.83160836583643,0.83160836583643,0.4989081451920275,0.14518579356718836,0.20095791417243378,0.26693125391336275
GL_prediction,0.8000682045468775,0.8047231652714575,0.8176653051196217,0.8176653051196217,0.6712409205350751,0.017648972152118803,0.2643836848847381,0.14215039586234535
GD_prediction,0.7985314310098772,0.804997337646724,0.8176038819446577,0.8176038819446577,0.6740475027812147,0.014671702724082136,0.2598847965441302,0.13657473717607416
