method,Accuracy,F1 Score,Precision,Recall,average_abs_odds_difference_race,average_abs_odds_difference_sex,equal_opportunity_difference_race,equal_opportunity_difference_sex,generalized_entropy_index_race,generalized_entropy_index_sex,true_positive_rate_difference_race,true_positive_rate_difference_sex
full,0.6703601108033241,0.6665877709544268,0.6704906467168158,0.6703601108033241,0.07341694887185705,0.26612023300424126,0.1400411885848779,0.34779050736497547,0.18927713435404636,0.18927713435404636,0.1400411885848779,0.34779050736497547
unaware,0.6689750692520776,0.6648600456907536,0.6692959440468608,0.6689750692520776,0.11004153507690004,0.1136916389490171,0.17349640650611525,0.15848336061102014,0.1914285714285714,0.1914285714285714,0.17349640650611525,0.15848336061102014
cf1,0.6135734072022161,0.5938108751201835,0.6195067167128506,0.6135734072022161,0.08644451241689752,0.13245736761522622,0.09086706174084813,0.1578014184397163,0.26482830385015604,0.26482830385015604,0.09086706174084813,0.1578014184397163
cf2,0.6191135734072022,0.6083108665059032,0.6199627492848625,0.6191135734072022,0.07153016372690169,0.13421809830526374,0.11158744168452905,0.1867157665030006,0.24104683195592277,0.24104683195592277,0.11158744168452905,0.1867157665030006
AL_prediction,0.6952908587257618,0.693659064333235,0.6947918768688888,0.6952908587257618,0.1531622447846801,0.19299535399398132,0.1704703063926365,0.2592744135297327,0.16573829027515227,0.16573829027515227,0.1704703063926365,0.2592744135297327
GL_prediction,0.7008310249307479,0.6984753821108894,0.7009505559139377,0.7008310249307479,0.08216735104075058,0.13756269468349086,0.10133232463329556,0.20308237861429357,0.16672577854671278,0.16672577854671278,0.10133232463329556,0.20308237861429357
GD_prediction,0.6357340720221607,0.6340493763136149,0.6495045006635807,0.6357340720221607,0.09288465809219293,0.1567433081674674,0.1297860715336443,0.20471903982542283,0.14119594151460213,0.14119594151460213,0.1297860715336443,0.20471903982542283
