method,RMSE,MAE,sinkhorn,energy,gaussian
full_prediction,0.938626944582759,0.7556471215408551,0.3244478665292263,0.44745874404907227,0.08219797909259796
unaware_prediction,0.9550648590682721,0.7678669828183079,0.05827258729550522,0.10287430882453918,0.03117671236395836
cf_prediction,0.9953559317340319,0.8016548727249446,0.0002850847008630808,0.0015753209590911865,0.004415273666381836
inv_prediction,1.0207139739654292,0.8196470073531661,4.458427429199219e-05,4.4304877519607544e-05,0.00020879507064819336
