method,Accuracy,F1 Score,Precision,Recall,average_abs_odds_difference_marital,equal_opportunity_difference_marital,generalized_entropy_index_marital,true_positive_rate_difference_marital
full_prediction,0.7672336615935542,0.7662905405947966,0.767544741961833,0.7672336615935542,0.04785512774330812,-0.037821782178217744,0.12489172525689565,-0.037821782178217744
unaware_prediction,0.7690241718889884,0.7683185499404751,0.7690523608101806,0.7690241718889884,0.0457366828148303,0.04693069306930697,0.12236025744976706,0.04693069306930697
