method,F1 Score,Precision,Recall,sinkhorn,energy,gaussian
full_prediction,0.8271940629708683,0.7276923076923076,0.5664670658682635,0.017108665546402335,0.03538306802511215,0.05844958871603012
unaware_prediction,0.8064681667322847,0.6845425867507886,0.5197604790419161,0.012678216793574393,0.027948498725891113,0.04571150988340378
