method,RMSE,MAE,sinkhorn,energy,gaussian
full_prediction,0.938626944582759,0.7556471215408551,0.3244478665292263,0.44745874404907227,0.08219797909259796
unaware_prediction,0.9550648590682721,0.7678669828183079,0.05827258729550522,0.10287430882453918,0.03117671236395836
cf_prediction,0.9886159025952925,0.7949600631438752,0.0020256412426533643,0.007728323340415955,0.010869570076465607
inv_prediction,0.9967854379052709,0.8022469390535655,0.00042784683955687797,0.0014372169971466064,0.006114497780799866
