method,RMSE,MAE,sinkhorn,energy,gaussian,laplacian,R2score
full_prediction,0.9616,0.7824,0.6135,0.8677,0.7192,0.5308,0.13751009235717326
unaware_prediction,0.984,0.7966,0.1088,0.197,0.1847,0.1525,0.0967261880153123
cf_prediction,1.0236,0.8258,0.0106,0.0393,0.0323,0.0486,0.02255944389858222
AL_prediction,0.9249,0.75,0.9822,1.0324,0.6587,0.4774,0.20208865458494385
GL_prediction,0.9582,0.7766,0.2265,0.2517,0.1805,0.1346,0.14363080854024268
GD_prediction,1.0822,0.8725,0.0199,0.0405,0.0371,0.0414,-0.09246872569756404
