method,F1 Score,Precision,Recall,Accuracy,sinkhorn,energy,gaussian
full_prediction,0.7319379967063945,0.5806451612903226,0.28023952095808385,0.7635135135135135,0.016722951317206025,0.05113641172647476,0.09834262728691101
unaware_prediction,0.6871674089338893,0.4959677419354839,0.1473053892215569,0.7429361179361179,0.0015841145068407059,0.007387861609458923,0.029680177569389343
inv_prediction,0.77543386824966,0.5204301075268817,0.8694610778443114,0.7610565110565111,0.06479346752166748,0.07488088309764862,0.06559261679649353
