method,RMSE,MAE,sinkhorn,energy,gaussian
full_prediction,0.9328005277610425,0.7510110563602547,0.324748420431702,0.4606993645429611,0.10546824336051941
unaware_prediction,0.9490698229536902,0.7640435439241517,0.0847958044733704,0.12368105487389998,0.032591036266901276
cf_prediction,0.9886159025952925,0.7949600631438752,0.002203356944598702,0.008341690356081182,0.011542748998511921
inv_prediction,0.997847233118423,0.8032527207967376,0.00011571406728514624,0.0006468575447797775,0.003468201919035478
