method,RMSE,MAE,sinkhorn,energy,gaussian,laplacian,R2score
full_prediction,0.9616,0.7824,0.6135,0.8677,0.7192,0.5308,0.13751009235717326
unaware_prediction,0.984,0.7966,0.1088,0.197,0.1847,0.1525,0.0967261880153123
cf_prediction,1.0236,0.8258,0.0106,0.0393,0.0323,0.0486,0.02255944389858222
AL_prediction,0.9241,0.7487,1.0046,1.0369,0.6521,0.4716,0.20337755582267647
GL_prediction,0.9584,0.7776,0.2688,0.2773,0.1878,0.14,0.14318148137238107
GD_prediction,1.069,0.8632,0.0133,0.0329,0.024,0.045,-0.06599857229469519
