method,RMSE,MAE,sinkhorn,energy,gaussian
full_prediction,0.938626944582759,0.7556471215408551,0.3215241557918489,0.44338558614254,0.08132347464561462
unaware_prediction,0.9550648590682721,0.7678669828183079,0.056603654025821015,0.09946335852146149,0.02998657152056694
cf_prediction,0.9898843862537218,0.7968991805781072,0.0018322926334803924,0.006715431809425354,0.008643053472042084
inv_prediction,1.0076538416744265,0.8111177041528925,0.0002921705454355106,0.000231914222240448,0.0007835030555725098
