method,Accuracy,F1 Score,Precision,Recall,average_abs_odds_difference_race,equal_opportunity_difference_race,generalized_entropy_index_race,true_positive_rate_difference_race
full_prediction,0.6213592233009708,0.6068672410172645,0.6243939447822943,0.6213592233009708,0.14475177164299904,0.13238347946469775,0.24844761527282344,0.13238347946469775
unaware_prediction,0.6148867313915858,0.5984931878059913,0.6180589476072087,0.6148867313915858,0.05546137174931881,0.024803876326718988,0.2566702722192177,0.024803876326718988
AL_prediction,0.6779935275080906,0.6760811604471604,0.6771904375972215,0.6779935275080906,0.13288258726971958,0.1282302722658053,0.1760357545377768,0.1282302722658053
GL_prediction,0.7491909385113269,0.748104205500257,0.7491199140294967,0.7491909385113269,0.07246343832101682,0.0414167051222889,0.13453993362050679,0.0414167051222889
GD_prediction,0.6779935275080906,0.6784724888530792,0.6805155906026836,0.6779935275080906,0.13478346692942267,0.12361559760036911,0.1500547363471386,0.12361559760036911
