method,RMSE,MAE,sinkhorn,energy,gaussian
full_prediction,0.938626944582759,0.7556471215408551,0.3244478665292263,0.44745874404907227,0.08219797909259796
unaware_prediction,0.9550648590682721,0.7678669828183079,0.05827258729550522,0.10287430882453918,0.03117671236395836
cf_prediction,0.9886159025952925,0.7949600631438752,0.0020256412426533643,0.007728323340415955,0.010869570076465607
inv_prediction,0.9962288405820131,0.8021071039444574,7.573274615424452e-05,0.0008114827796816826,0.006884366273880005
