method,RMSE,MAE,sinkhorn,energy,gaussian,laplacian,R2score
full_prediction,0.9616,0.7824,0.6135,0.8677,0.7192,0.5308,0.13751009235717326
unaware_prediction,0.984,0.7966,0.1088,0.197,0.1847,0.1525,0.0967261880153123
cf_prediction,1.0236,0.8258,0.0106,0.0393,0.0323,0.0486,0.02255944389858222
AL_prediction,0.9249,0.75,0.9822,1.0324,0.6587,0.4774,0.20208865458494385
GL_prediction,0.9574,0.777,0.314,0.2801,0.1703,0.1307,0.1448931841132849
GD_prediction,1.0263,0.8275,0.0039,0.0337,0.0145,0.0541,0.017469992324063655
