method,Accuracy,F1 Score,Precision,Recall,average_abs_odds_difference_race,average_abs_odds_difference_sex,equal_opportunity_difference_race,equal_opportunity_difference_sex,generalized_entropy_index_race,generalized_entropy_index_sex,true_positive_rate_difference_race,true_positive_rate_difference_sex
full,0.6703601108033241,0.6665877709544268,0.6704906467168158,0.6703601108033241,0.07341694887185705,0.26612023300424126,0.1400411885848779,0.34779050736497547,0.18927713435404636,0.18927713435404636,0.1400411885848779,0.34779050736497547
unaware,0.6689750692520776,0.6648600456907536,0.6692959440468608,0.6689750692520776,0.11004153507690004,0.1136916389490171,0.17349640650611525,0.15848336061102014,0.1914285714285714,0.1914285714285714,0.17349640650611525,0.15848336061102014
cf1,0.6135734072022161,0.5938108751201835,0.6195067167128506,0.6135734072022161,0.08644451241689752,0.13245736761522622,0.09086706174084813,0.1578014184397163,0.26482830385015604,0.26482830385015604,0.09086706174084813,0.1578014184397163
cf2,0.6191135734072022,0.6083108665059032,0.6199627492848625,0.6191135734072022,0.07153016372690169,0.13421809830526374,0.11158744168452905,0.1867157665030006,0.24104683195592277,0.24104683195592277,0.11158744168452905,0.1867157665030006
AL_prediction,0.685595567867036,0.6835320327161856,0.6851201494056309,0.685595567867036,0.11478748131651687,0.20674682786899673,0.1444962804186105,0.2835515548281506,0.17318450636688149,0.17318450636688149,0.1444962804186105,0.2835515548281506
GL_prediction,0.682825484764543,0.6784461130294163,0.6841137134062626,0.682825484764543,0.10145061345051673,0.09167414603241647,0.13033245072080024,0.16912165848336064,0.1849499108534495,0.1849499108534495,0.13033245072080024,0.16912165848336064
GD_prediction,0.6218836565096952,0.619434952916739,0.6372399679813725,0.6218836565096952,0.11480597048673072,0.09054740158034597,0.12545706720464,0.1556192034915439,0.1428395280262765,0.1428395280262765,0.12545706720464,0.1556192034915439
