method,RMSE,MAE,sinkhorn,energy,gaussian
full_prediction,0.938626944582759,0.7556471215408551,0.323727170471102,0.4464447945356369,0.08277375251054764
unaware_prediction,0.9550648590682721,0.7678669828183079,0.058061331379576586,0.1023855060338974,0.03187476843595505
cf_prediction,0.9886159025952925,0.7949600631438752,0.0019221995135012548,0.007145099341869354,0.009747691452503204
inv_prediction,1.0116914051231747,0.812989076061664,9.508630228083348e-06,7.989630103111267e-05,0.0007383823394775391
