method,Accuracy,F1 Score,Precision,Recall,average_abs_odds_difference_race,average_abs_odds_difference_sex,equal_opportunity_difference_race,equal_opportunity_difference_sex,generalized_entropy_index_race,generalized_entropy_index_sex,true_positive_rate_difference_race,true_positive_rate_difference_sex
full,0.6703601108033241,0.6665877709544268,0.6704906467168158,0.6703601108033241,0.07341694887185705,0.26612023300424126,0.1400411885848779,0.34779050736497547,0.18927713435404636,0.18927713435404636,0.1400411885848779,0.34779050736497547
unaware,0.6689750692520776,0.6648600456907536,0.6692959440468608,0.6689750692520776,0.11004153507690004,0.1136916389490171,0.17349640650611525,0.15848336061102014,0.1914285714285714,0.1914285714285714,0.17349640650611525,0.15848336061102014
cf1,0.6135734072022161,0.5938108751201835,0.6195067167128506,0.6135734072022161,0.08644451241689752,0.13245736761522622,0.09086706174084813,0.1578014184397163,0.26482830385015604,0.26482830385015604,0.09086706174084813,0.1578014184397163
cf2,0.6191135734072022,0.6083108665059032,0.6199627492848625,0.6191135734072022,0.07153016372690169,0.13421809830526374,0.11158744168452905,0.1867157665030006,0.24104683195592277,0.24104683195592277,0.11158744168452905,0.1867157665030006
AL_prediction,0.6966759002770083,0.6949807123025387,0.6962333397112652,0.6966759002770083,0.11662339180203019,0.16394769723527441,0.15643256419955454,0.23649754500818326,0.16539082956094206,0.16539082956094206,0.15643256419955454,0.23649754500818326
GL_prediction,0.7049861495844876,0.7028988648000755,0.704995154856035,0.7049861495844876,0.06760424424463408,0.0732586276683737,0.07220611104106256,0.12261320240043638,0.16320320522027332,0.16320320522027332,0.07220611104106256,0.12261320240043638
GD_prediction,0.6800554016620498,0.6793073564000436,0.6793168530811659,0.6800554016620498,0.10991450544884876,0.1432280942576069,0.15105283066448116,0.19803600654664477,0.16748956289925052,0.16748956289925052,0.15105283066448116,0.19803600654664477
