method,RMSE,MAE,sinkhorn,energy,gaussian,laplacian,R2score
full_prediction,0.9616,0.7824,0.6135,0.8677,0.7192,0.5308,0.13751009235717326
unaware_prediction,0.984,0.7966,0.1088,0.197,0.1847,0.1525,0.0967261880153123
cf_prediction,1.0236,0.8258,0.0106,0.0393,0.0323,0.0486,0.02255944389858222
AL_prediction,0.9241,0.7487,1.0046,1.0369,0.6521,0.4716,0.20337755582267647
GL_prediction,0.9578,0.7768,0.276,0.2742,0.1798,0.1358,0.14418101373198833
GD_prediction,1.0845,0.8742,0.0017,0.0058,0.0015,0.0102,-0.09720278228939772
