method,Accuracy,F1 Score,Precision,Recall,average_abs_odds_difference_race,average_abs_odds_difference_sex,equal_opportunity_difference_race,equal_opportunity_difference_sex,generalized_entropy_index_race,generalized_entropy_index_sex,true_positive_rate_difference_race,true_positive_rate_difference_sex
full,0.6703601108033241,0.6665877709544268,0.6704906467168158,0.6703601108033241,0.07341694887185705,0.26612023300424126,0.1400411885848779,0.34779050736497547,0.18927713435404636,0.18927713435404636,0.1400411885848779,0.34779050736497547
unaware,0.6689750692520776,0.6648600456907536,0.6692959440468608,0.6689750692520776,0.11004153507690004,0.1136916389490171,0.17349640650611525,0.15848336061102014,0.1914285714285714,0.1914285714285714,0.17349640650611525,0.15848336061102014
cf,0.5470914127423823,0.4702701010455644,0.5440857813660639,0.5470914127423823,0.015510137011424653,0.04149640110518628,-0.00277392510402219,0.07910529187124932,0.3869155140663389,0.3869155140663389,-0.00277392510402219,0.07910529187124932
