method,RMSE,MAE,sinkhorn,energy,gaussian,laplacian,R2score
GD_prediction_0.1,1.0181,0.8221,0.0039,0.0211,0.0115,0.032,0.033120612565553986
GD_prediction_0.5,1.0255,0.8273,0.0014,0.0084,0.003,0.0141,0.019038954828868082
GD_prediction_1.0,1.029,0.8288,0.0032,0.0316,0.0119,0.0522,0.012357404653696835
GD_prediction_1.5,1.0175,0.821,0.0051,0.0191,0.012,0.0274,0.03420923939196474
GD_prediction_2.0,1.1441,0.9165,0.0091,0.0274,0.0242,0.0314,-0.2209966907979557
GD_prediction_2.5,1.0432,0.8421,0.0007,0.0099,0.0021,0.0178,-0.015205527193601576
GD_prediction_3.0,1.0791,0.8665,0.0086,0.0399,0.0243,0.0578,-0.08622543946552708
GD_prediction_3.5,1.0282,0.83,0.0448,0.1117,0.1031,0.1145,0.013742854164931706
GD_prediction_4.0,1.1642,0.9307,0.0069,0.024,0.0152,0.0343,-0.26437468077068127
